starting_date,total_clicks,cum_avg
2024-01-01,14177,14177.0
2024-01-08,18010,16093.5
2024-01-15,17556,16581.0
2024-01-22,16535,16569.5
2024-01-29,16646,16584.8
2024-02-05,16156,16513.3
2024-02-12,19959,17005.6
2024-02-19,15580,16827.4
2024-02-26,14569,16576.4
2024-03-04,13474,16266.2
2024-03-11,13915,16052.5
2024-03-18,16209,16065.5
2024-03-25,14802,15968.3
2024-04-01,13083,15762.2
2024-04-08,12725,15559.7
2024-04-15,15344,15546.2
2024-04-22,18622,15727.2
2024-04-29,4765,15118.2
